{"camera":{"flipy":false,"perspective":[45.0,1.7777777910232544,0.10000000149011612,4000.0],"transform":{"position":[2.978302240371704,3.105480194091797,3.3896870613098145],"rotation":[0.8617180585861206,-0.21016505360603333,0.4486643075942993,0.1094212755560875],"scale":[1.0,1.0,1.0]}},"scene":"C:\\Users\\yuanjunping\\Downloads\\car.gltf"}