{"camera":{"flipy":false,"perspective":[45.0,1.7777777910232544,0.10000000149011612,4000.0],"transform":{"position":[2.401587724685669,1.240332841873169,-5.16286563873291],"rotation":[0.2934083938598633,-0.019746581092476845,0.9536263346672058,0.06417609006166458],"scale":[1.0,1.0,1.0]}},"scene":"C:\\Users\\yuanjunping\\Downloads\\car.gltf"}