{"camera":{"flipy":false,"perspective":[45.0,1.7777777910232544,0.10000000149011612,4000.0],"transform":{"position":[2.8311946392059326,1.9492297172546387,3.7396295070648193],"rotation":[-0.03239501267671585,0.2679174542427063,0.11557583510875702,0.9559357166290283],"scale":[1.0,1.0,1.0]}},"scene":"C:\\Users\\yuanjunping\\Downloads\\car.gltf"}