{"camera":{"flipy":false,"perspective":[45.0,1.7777777910232544,0.10000000149011612,4000.0],"transform":{"position":[5.954816818237305,1.4092777967453003,2.881553888320923],"rotation":[0.8420303463935852,-0.02507944218814373,0.5386080145835876,0.01604118011891842],"scale":[1.0,1.0,1.0]}},"scene":"C:\\Users\\yuanjunping\\Downloads\\car.gltf"}