{"camera":{"flipy":false,"perspective":[45.0,1.7777777910232544,0.10000000149011612,4000.0],"transform":{"position":[1.4028515815734863,2.649761199951172,3.4725358486175537],"rotation":[-0.08184611052274704,-0.6659975647926331,-0.0904369130730629,0.7359141111373901],"scale":[1.0,1.0,1.0]}},"scene":"C:\\Users\\yuanjunping\\Downloads\\car.gltf"}