{"camera":{"flipy":true,"perspective":[45.0,1.7777777910232544,0.10000000149011612,4000.0],"transform":{"position":[9.213396072387695,0.04572131484746933,0.1998613178730011],"rotation":[-0.045319247990846634,0.6477439999580383,0.05307940021157265,0.7586544156074524],"scale":[1.0,1.0,1.0]}},"scene":"C:\\Users\\yjp\\Downloads\\teapot\\scene.json"}