{"camera":{"flipy":false,"perspective":[45.0,1.7777777910232544,0.10000000149011612,4000.0],"transform":{"position":[0.6213517189025879,8.84515380859375,9.9540433883667],"rotation":[0.8932742476463318,-0.4493872821331024,0.00947195291519165,0.004763482604175806],"scale":[1.0,1.0,1.0]}},"scene":"C:\\Users\\yuanjunping\\Downloads\\car.gltf"}