{"camera":{"flipy":false,"perspective":[45.0,1.7777777910232544,0.10000000149011612,4000.0],"transform":{"position":[-0.24164454638957977,0.9156323075294495,4.01137638092041],"rotation":[0.9949093461036682,-0.03822137042880058,-0.09317597001791,-0.003579474985599518],"scale":[1.0,1.0,1.0]}},"scene":"C:\\Users\\yuanjunping\\Downloads\\car.gltf"}