{"E:\\code\\car\\resources\\cars\\car.gltf":{"camera":{"flipy":false,"perspective":[45.0,1.7777777910232544,0.10000000149011612,4000.0],"speed":1.0,"transform":{"position":[-2.850482225418091,1.0840644836425781,8.98705768585205],"rotation":[0.9854879975318909,-0.1053193062543869,-0.1323680430650711,-0.014146124944090843],"scale":[1.0,1.0,1.0]}}},"E:\\code\\car\\resources\\kitchen\\scene.json":{"camera":{"flipy":true,"perspective":[45.0,1.7777777910232544,0.10000000149011612,4000.0],"speed":1.0,"transform":{"position":[1.211004614830017,1.8047512769699097,3.8523902893066406],"rotation":[0.9747772216796875,-0.026473307982087135,0.2215229570865631,0.006015380844473839],"scale":[1.0,1.0,1.0]}}},"E:\\code\\car\\resources\\scenes\\classroom\\scene.json":{"camera":{"flipy":false,"perspective":[45.0,1.7777777910232544,0.10000000149011612,4000.0],"speed":1.0,"transform":{"position":[0.4401800334453583,1.2715795040130615,5.901594161987305],"rotation":[0.00034751236671581864,-0.003520916448906064,0.09825925529003143,0.995154619216919],"scale":[1.0,1.0,1.0]}}},"E:\\code\\car\\resources\\scenes\\staircase2\\scene.json":{"camera":{"flipy":true,"perspective":[45.0,1.0,0.10000000149011612,4000.0],"speed":1.0,"transform":{"position":[6.9118194580078125,1.6516278982162476,2.5541365146636963],"rotation":[0.8243024349212646,0.02590535581111908,0.565277636051178,-0.017764568328857422],"scale":[1.0,1.0,1.0]}}},"Sponza01.gltf":{"camera":{"flipy":true,"perspective":[57.2957763671875,1.7699999809265137,1.0,4000.0],"speed":100.0,"transform":{"position":[-27.932941436767578,95.09658813476563,32.19306945800781],"rotation":[0.05999571830034256,0.7070286273956299,0.059577975422143936,-0.7021121978759766],"scale":[1.0,1.0,1.0]}}},"bistro.gltf":{"camera":{"flipy":false,"perspective":[45.0,1.7777777910232544,0.10000000149011612,4000.0],"speed":14.151000022888184,"transform":{"position":[-15.33602523803711,5.016653537750244,11.901286125183105],"rotation":[0.946682870388031,-0.03885289654135704,0.3195466101169586,0.01311248168349266],"scale":[1.0,1.0,1.0]}}},"camera":{"flipy":false,"perspective":[45.0,1.7777777910232544,0.10000000149011612,4000.0],"speed":100.0,"transform":{"position":[-351.80609130859375,1002.6707153320313,-29.573871612548828],"rotation":[0.6917943954467773,-0.16361670196056366,-0.684434711933136,-0.16186195611953735],"scale":[1.0,1.0,1.0]}},"car.gltf":{"camera":{"flipy":false,"perspective":[45.0,1.7777777910232544,0.10000000149011612,4000.0],"speed":1.0,"transform":{"position":[-0.0809335708618164,0.6114217638969421,7.153130054473877],"rotation":[0.9977770447731018,-0.066274493932724,0.006965430453419685,0.00046273888438008726],"scale":[1.0,1.0,1.0]}}},"scene":"C:\\Users\\yuanjunping\\Downloads\\car.gltf"}