{"camera":{"flipy":true,"perspective":[45.0,1.7777777910232544,0.10000000149011612,4000.0],"transform":{"position":[-0.5200397968292236,-0.28140783309936523,1.6518797874450684],"rotation":[0.9901329874992371,0.14010940492153168,0.0024725894909352064,-0.0003439837018959224],"scale":[1.0,1.0,1.0]}},"scene":"C:\\Users\\yjp\\Downloads\\teapot\\scene.json"}