{"":{"camera":{"flipy":false,"perspective":[60.0,1.7777777910232544,0.10000000149011612,256.0],"speed":4.244999885559082,"transform":{"position":[0.007872428745031357,-0.03606042265892029,0.28468263149261475],"rotation":[0.9603648781776428,0.2781427204608917,0.01760530099272728,-0.005095359403640032],"scale":[1.0,1.0,1.0]}}},"E:\\code\\RTXGI\\media\\Sponza\\glTF\\Sponza.gltf":{"camera":{"flipy":true,"perspective":[45.0,1.7777777910232544,0.10000000149011612,4000.0],"speed":20.7549991607666,"transform":{"position":[15.505579948425293,12.13000202178955,1.2908825874328613],"rotation":[0.724798321723938,-0.17669877409934998,0.646970808506012,0.15771402418613434],"scale":[1.0,1.0,1.0]}}},"E:\\code\\RTXGI\\media\\cornell_box\\cornell_box.gltf":{"camera":{"flipy":true,"perspective":[45.00010299682617,1.0,0.009999999776482582,100.0],"speed":7.546999931335449,"transform":{"position":[0.11817672103643417,0.37186744809150696,3.20649790763855],"rotation":[0.9973634481430054,0.06363879144191742,0.03480375558137894,-0.0022250483743846416],"scale":[1.0,1.0,1.0]}}},"E:\\code\\car\\resources\\cars\\car.gltf":{"camera":{"flipy":false,"perspective":[45.0,1.7777777910232544,0.10000000149011612,4000.0],"speed":1.0,"transform":{"position":[-2.850482225418091,1.0840644836425781,8.98705768585205],"rotation":[0.9854879975318909,-0.1053193062543869,-0.1323680430650711,-0.014146124944090843],"scale":[1.0,1.0,1.0]}}},"E:\\code\\car\\resources\\kitchen\\scene.json":{"camera":{"flipy":true,"perspective":[45.0,1.7777777910232544,0.10000000149011612,4000.0],"speed":1.0,"transform":{"position":[1.211004614830017,1.8047512769699097,3.8523902893066406],"rotation":[0.9747772216796875,-0.026473307982087135,0.2215229570865631,0.006015380844473839],"scale":[1.0,1.0,1.0]}}},"E:\\code\\car\\resources\\scenes\\classroom\\scene.json":{"camera":{"flipy":false,"perspective":[45.0,1.7777777910232544,0.10000000149011612,4000.0],"speed":1.0,"transform":{"position":[0.4401800334453583,1.2715795040130615,5.901594161987305],"rotation":[0.00034751236671581864,-0.003520916448906064,0.09825925529003143,0.995154619216919],"scale":[1.0,1.0,1.0]}}},"E:\\code\\car\\resources\\scenes\\staircase2\\scene.json":{"camera":{"flipy":true,"perspective":[45.0,1.0,0.10000000149011612,4000.0],"speed":1.0,"transform":{"position":[6.9118194580078125,1.6516278982162476,2.5541365146636963],"rotation":[0.8243024349212646,0.02590535581111908,0.565277636051178,-0.017764568328857422],"scale":[1.0,1.0,1.0]}}},"E:\\code\\vkframeworklearn2\\resources\\cornell-box\\cornellBox.gltf":{"camera":{"flipy":true,"perspective":[41.11209487915039,1.3333333730697632,0.10000000149011612,1000.0],"speed":17.924999237060547,"transform":{"position":[5.034536361694336,2.593130111694336,10.964837074279785],"rotation":[0.9762154817581177,-0.21289293467998505,-0.04004283994436264,-0.008746144361793995],"scale":[1.0,1.0,1.0]}}},"F:\\bistro\\bistro.gltf":{"camera":{"flipy":false,"perspective":[45.0,1.7777777910232544,0.10000000149011612,4000.0],"speed":39.1510009765625,"transform":{"position":[44.78666687011719,3.1839168071746826,30.449169158935547],"rotation":[-0.023380989208817482,0.29059848189353943,0.07671528309583664,0.9534781575202942],"scale":[1.0,1.0,1.0]}}},"F:\\code\\RTXGI-DDGI\\samples\\test-harness\\data\\gltf\\cornell\\cornell_box.gltf":{"camera":{"flipy":true,"perspective":[45.00010299682617,1.0,0.009999999776482582,100.0],"speed":1.0,"transform":{"position":[-0.43686386942863464,0.17236661911010742,2.7300021648406982],"rotation":[0.9954209923744202,0.06349809467792511,-0.07130514830350876,0.0045475829392671585],"scale":[1.0,1.0,1.0]}}},"F:\\code\\RTXGI-DDGI\\samples\\test-harness\\data\\gltf\\sponza\\Sponza.gltf":{"camera":{"flipy":true,"perspective":[45.0,1.7777777910232544,0.10000000149011612,4000.0],"speed":1.0,"transform":{"position":[-0.2772577404975891,0.1252417117357254,-0.24298572540283203],"rotation":[0.7136088609695435,0.018687093630433083,-0.7000551223754883,0.018331849947571754],"scale":[1.0,1.0,1.0]}}},"F:\\code\\shadow\\resources\\cornell\\cornell.gltf":{"camera":{"flipy":true,"perspective":[45.0,1.7777777910232544,0.10000000149011612,4000.0],"speed":1.0,"transform":{"position":[0.1494286209344864,1.0164517164230347,3.264615535736084],"rotation":[0.9978853464126587,-0.06366723775863647,-0.0130624296143651,-0.000833452504593879],"scale":[1.0,1.0,1.0]}}},"Sponza.gltf":{"camera":{"flipy":true,"perspective":[45.0,1.7777777910232544,0.10000000149011612,4000.0],"speed":17.924999237060547,"transform":{"position":[-4.50989294052124,8.703185081481934,0.6290795803070068],"rotation":[-0.6742441654205322,-0.00704205920919776,0.7384346127510071,-0.007723711431026459],"scale":[1.0,1.0,1.0]}}},"Sponza01.gltf":{"camera":{"flipy":true,"perspective":[57.2957763671875,1.7699999809265137,1.0,4000.0],"speed":16.509000778198242,"transform":{"position":[3.760673761367798,7.541081428527832,-0.290151447057724],"rotation":[-0.07161848992109299,-0.01516651175916195,0.9757052063941956,-0.20649486780166626],"scale":[1.0,1.0,1.0]}}},"bistro.gltf":{"camera":{"flipy":false,"perspective":[45.0,1.7777777910232544,0.10000000149011612,4000.0],"speed":14.151000022888184,"transform":{"position":[-2.7453019618988037,0.9085600972175598,-11.814876556396484],"rotation":[0.9818708896636963,-0.07987556606531143,-0.17133420705795288,-0.013937382958829403],"scale":[1.0,1.0,1.0]}}},"camera":{"flipy":false,"perspective":[45.0,1.7777777910232544,0.10000000149011612,4000.0],"speed":100.0,"transform":{"position":[-351.80609130859375,1002.6707153320313,-29.573871612548828],"rotation":[0.6917943954467773,-0.16361670196056366,-0.684434711933136,-0.16186195611953735],"scale":[1.0,1.0,1.0]}},"car.gltf":{"camera":{"flipy":false,"perspective":[45.0,1.7777777910232544,0.10000000149011612,4000.0],"speed":1.0,"transform":{"position":[-0.0809335708618164,0.6114217638969421,7.153130054473877],"rotation":[0.9977770447731018,-0.066274493932724,0.006965430453419685,0.00046273888438008726],"scale":[1.0,1.0,1.0]}}},"cornellBox.gltf":{"camera":{"flipy":false,"perspective":[41.11209487915039,1.3333333730697632,0.10000000149011612,1000.0],"speed":10.848999977111816,"transform":{"position":[-1.5978718996047974,-0.8942103385925293,20.225278854370117],"rotation":[-1.4074030332267284e-05,-0.007820048369467258,0.0008175254333764315,0.9999691247940063],"scale":[1.0,1.0,1.0]}}},"scene":"C:\\Users\\yuanjunping\\Downloads\\car.gltf","scene.json":{"camera":{"flipy":false,"perspective":[45.0,1.7777777910232544,0.10000000149011612,4000.0],"speed":51.415000915527344,"transform":{"position":[-24.575092315673828,2.230963706970215,-1.249228596687317],"rotation":[-0.11225973069667816,0.7566715478897095,-0.09452112764120102,-0.637112021446228],"scale":[1.0,1.0,1.0]}}}}