{"camera":{"flipy":false,"perspective":[45.0,1.7777777910232544,0.10000000149011612,4000.0],"transform":{"position":[0.42700931429862976,1.7169036865234375,-1.4926496744155884],"rotation":[-0.16008390486240387,0.9572277665138245,0.039754465222358704,0.23771385848522186],"scale":[1.0,1.0,1.0]}},"scene":"C:\\Users\\yuanjunping\\Downloads\\car.gltf"}