{"camera":{"flipy":true,"perspective":[45.0,1.7777777910232544,0.10000000149011612,4000.0],"transform":{"position":[1.8874850273132324,-0.41209688782691956,2.5036232471466064],"rotation":[0.9339728951454163,0.10315791517496109,-0.34006139636039734,0.03756782039999962],"scale":[1.0,1.0,1.0]}},"scene":"C:\\Users\\yjp\\Downloads\\teapot\\scene.json"}