{"camera":{"flipy":true,"perspective":[45.0,1.7777777910232544,0.10000000149011612,4000.0],"transform":{"position":[-5677.53857421875,2093.872314453125,446.0458679199219],"rotation":[0.18502655625343323,-0.5513191223144531,0.2588350772857666,0.7712436318397522],"scale":[1.0,1.0,1.0]}},"scene":"C:\\Users\\yuanjunping\\Downloads\\car.gltf"}