{"E:\\code\\car\\resources\\cars\\car.gltf":{"camera":{"flipy":false,"perspective":[45.0,1.7777777910232544,0.10000000149011612,4000.0],"speed":1.0,"transform":{"position":[-2.850482225418091,1.0840644836425781,8.98705768585205],"rotation":[0.9854879975318909,-0.1053193062543869,-0.1323680430650711,-0.014146124944090843],"scale":[1.0,1.0,1.0]}}},"E:\\code\\car\\resources\\kitchen\\scene.json":{"camera":{"flipy":true,"perspective":[45.0,1.7777777910232544,0.10000000149011612,4000.0],"speed":1.0,"transform":{"position":[1.211004614830017,1.8047512769699097,3.8523902893066406],"rotation":[0.9747772216796875,-0.026473307982087135,0.2215229570865631,0.006015380844473839],"scale":[1.0,1.0,1.0]}}},"E:\\code\\car\\resources\\scenes\\classroom\\scene.json":{"camera":{"flipy":false,"perspective":[45.0,1.7777777910232544,0.10000000149011612,4000.0],"speed":1.0,"transform":{"position":[0.4401800334453583,1.2715795040130615,5.901594161987305],"rotation":[0.00034751236671581864,-0.003520916448906064,0.09825925529003143,0.995154619216919],"scale":[1.0,1.0,1.0]}}},"E:\\code\\car\\resources\\scenes\\staircase2\\scene.json":{"camera":{"flipy":true,"perspective":[45.0,1.0,0.10000000149011612,4000.0],"speed":1.0,"transform":{"position":[6.9118194580078125,1.6516278982162476,2.5541365146636963],"rotation":[0.8243024349212646,0.02590535581111908,0.565277636051178,-0.017764568328857422],"scale":[1.0,1.0,1.0]}}},"Sponza.gltf":{"camera":{"flipy":false,"perspective":[45.0,1.7777777910232544,0.10000000149011612,4000.0],"speed":17.924999237060547,"transform":{"position":[-0.6254591345787048,0.833672285079956,-0.3345508575439453],"rotation":[0.7126816511154175,-0.029258275404572487,0.7002869844436646,0.028758229687809944],"scale":[1.0,1.0,1.0]}}},"Sponza01.gltf":{"camera":{"flipy":true,"perspective":[57.2957763671875,1.7699999809265137,1.0,4000.0],"speed":16.509000778198242,"transform":{"position":[1.9005638360977173,1.132155179977417,-0.38893359899520874],"rotation":[0.0736297145485878,0.7186039686203003,-0.07049248367547989,0.6879082918167114],"scale":[1.0,1.0,1.0]}}},"bistro.gltf":{"camera":{"flipy":false,"perspective":[45.0,1.7777777910232544,0.10000000149011612,4000.0],"speed":14.151000022888184,"transform":{"position":[-2.7453019618988037,0.9085600972175598,-11.814876556396484],"rotation":[0.9818708896636963,-0.07987556606531143,-0.17133420705795288,-0.013937382958829403],"scale":[1.0,1.0,1.0]}}},"camera":{"flipy":false,"perspective":[45.0,1.7777777910232544,0.10000000149011612,4000.0],"speed":100.0,"transform":{"position":[-351.80609130859375,1002.6707153320313,-29.573871612548828],"rotation":[0.6917943954467773,-0.16361670196056366,-0.684434711933136,-0.16186195611953735],"scale":[1.0,1.0,1.0]}},"car.gltf":{"camera":{"flipy":false,"perspective":[45.0,1.7777777910232544,0.10000000149011612,4000.0],"speed":1.0,"transform":{"position":[-0.0809335708618164,0.6114217638969421,7.153130054473877],"rotation":[0.9977770447731018,-0.066274493932724,0.006965430453419685,0.00046273888438008726],"scale":[1.0,1.0,1.0]}}},"scene":"C:\\Users\\yuanjunping\\Downloads\\car.gltf","scene.json":{"camera":{"flipy":true,"perspective":[45.0,1.7777777910232544,0.10000000149011612,4000.0],"speed":1.0,"transform":{"position":[-1.2042824029922485,1.106611967086792,5.136180877685547],"rotation":[0.001226262655109167,-0.29408201575279236,0.003983600065112114,0.9557710886001587],"scale":[1.0,1.0,1.0]}}}}