{"":{"camera":{"flipy":false,"perspective":[60.0,1.7777777910232544,0.10000000149011612,256.0],"speed":55.65999984741211,"transform":{"position":[-0.06110100820660591,1.6499700546264648,5.138116359710693],"rotation":[0.885175883769989,0.46474507451057434,0.019310317933559418,-0.010137871839106083],"scale":[1.0,1.0,1.0]}}},"D:\\dodownload\\karl-volkmar-stoy-schule-jena-hq-3d-model\\scene.gltf":{"camera":{"flipy":false,"perspective":[45.0,1.7777777910232544,0.10000000149011612,4000.0],"speed":7.546999931335449,"transform":{"position":[8.332084655761719,47.992835998535156,-24.188966751098633],"rotation":[0.8129516243934631,0.45899835228919983,-0.3120691478252411,0.1761903464794159],"scale":[1.0,1.0,1.0]}}},"D:\\dodownload\\perengil-vinaros-castellon-3d-model\\scene.gltf":{"camera":{"flipy":true,"perspective":[45.0,1.7777777910232544,0.10000000149011612,4000.0],"speed":63.67900085449219,"transform":{"position":[-27.697498321533203,118.81745910644531,3.7207226753234863],"rotation":[-0.5648118257522583,0.21172556281089783,0.7468432784080505,0.2799731492996216],"scale":[1.0,1.0,1.0]}}},"E:\\code\\car\\resources\\cars\\car.gltf":{"camera":{"flipy":false,"perspective":[45.0,1.7777777910232544,0.10000000149011612,4000.0],"speed":1.0,"transform":{"position":[-2.850482225418091,1.0840644836425781,8.98705768585205],"rotation":[0.9854879975318909,-0.1053193062543869,-0.1323680430650711,-0.014146124944090843],"scale":[1.0,1.0,1.0]}}},"E:\\code\\car\\resources\\kitchen\\scene.json":{"camera":{"flipy":true,"perspective":[45.0,1.7777777910232544,0.10000000149011612,4000.0],"speed":1.0,"transform":{"position":[1.211004614830017,1.8047512769699097,3.8523902893066406],"rotation":[0.9747772216796875,-0.026473307982087135,0.2215229570865631,0.006015380844473839],"scale":[1.0,1.0,1.0]}}},"E:\\code\\car\\resources\\scenes\\classroom\\scene.json":{"camera":{"flipy":false,"perspective":[45.0,1.7777777910232544,0.10000000149011612,4000.0],"speed":1.0,"transform":{"position":[0.4401800334453583,1.2715795040130615,5.901594161987305],"rotation":[0.00034751236671581864,-0.003520916448906064,0.09825925529003143,0.995154619216919],"scale":[1.0,1.0,1.0]}}},"E:\\code\\car\\resources\\scenes\\staircase2\\scene.json":{"camera":{"flipy":true,"perspective":[45.0,1.0,0.10000000149011612,4000.0],"speed":1.0,"transform":{"position":[6.9118194580078125,1.6516278982162476,2.5541365146636963],"rotation":[0.8243024349212646,0.02590535581111908,0.565277636051178,-0.017764568328857422],"scale":[1.0,1.0,1.0]}}},"F:\\bistro\\bistro.gltf":{"camera":{"flipy":true,"perspective":[45.0,1.7777777910232544,0.10000000149011612,4000.0],"speed":30.18899917602539,"transform":{"position":[18.954187393188477,4.046951770782471,30.891271591186523],"rotation":[-0.5905553698539734,-0.029923226684331894,0.8054089546203613,-0.04080919921398163],"scale":[1.0,1.0,1.0]}}},"Sponza.gltf":{"camera":{"flipy":true,"perspective":[45.0,1.7777777910232544,0.10000000149011612,4000.0],"speed":17.924999237060547,"transform":{"position":[-4.50989294052124,8.703185081481934,-0.38092032074928284],"rotation":[-0.6894289255142212,0.11539025604724884,0.7052947282791138,0.11803483963012695],"scale":[1.0,1.0,1.0]}}},"Sponza01.gltf":{"camera":{"flipy":true,"perspective":[57.2957763671875,1.7699999809265137,1.0,4000.0],"speed":16.509000778198242,"transform":{"position":[3.760673761367798,7.541081428527832,-0.290151447057724],"rotation":[-0.07161848992109299,-0.01516651175916195,0.9757052063941956,-0.20649486780166626],"scale":[1.0,1.0,1.0]}}},"bistro.gltf":{"camera":{"flipy":false,"perspective":[45.0,1.7777777910232544,0.10000000149011612,4000.0],"speed":14.151000022888184,"transform":{"position":[-2.7453019618988037,0.9085600972175598,-11.814876556396484],"rotation":[0.9818708896636963,-0.07987556606531143,-0.17133420705795288,-0.013937382958829403],"scale":[1.0,1.0,1.0]}}},"camera":{"flipy":false,"perspective":[45.0,1.7777777910232544,0.10000000149011612,4000.0],"speed":100.0,"transform":{"position":[-351.80609130859375,1002.6707153320313,-29.573871612548828],"rotation":[0.6917943954467773,-0.16361670196056366,-0.684434711933136,-0.16186195611953735],"scale":[1.0,1.0,1.0]}},"car.gltf":{"camera":{"flipy":false,"perspective":[45.0,1.7777777910232544,0.10000000149011612,4000.0],"speed":1.0,"transform":{"position":[-0.0809335708618164,0.6114217638969421,7.153130054473877],"rotation":[0.9977770447731018,-0.066274493932724,0.006965430453419685,0.00046273888438008726],"scale":[1.0,1.0,1.0]}}},"cornellBox.gltf":{"camera":{"flipy":false,"perspective":[41.11209487915039,1.3333333730697632,0.10000000149011612,1000.0],"speed":10.848999977111816,"transform":{"position":[3.307415723800659,6.605772018432617,12.348442077636719],"rotation":[-0.04195981100201607,0.12909984588623047,0.3061000108718872,0.9422714710235596],"scale":[1.0,1.0,1.0]}}},"scene":"C:\\Users\\yuanjunping\\Downloads\\car.gltf","scene.json":{"camera":{"flipy":false,"perspective":[45.0,1.7777777910232544,0.10000000149011612,4000.0],"speed":1.0,"transform":{"position":[2.422755002975464,0.8094024658203125,2.912769079208374],"rotation":[-0.03356252610683441,0.2861904501914978,0.11153657734394073,0.9510669708251953],"scale":[1.0,1.0,1.0]}}}}